[
  {
    "Configuration Item": "jasper",
    "Short Description": "Qantas Cloud Platform: Production Change (A320-01 jasper (jasper))_To perform the rolling restart of the jasper server)",
    "Change Owner Group": "TCS - E & M MAINTEN APPLICATION SUPPORT",
    "Requester": "",
    "Site Code": "BOMHQB",
    "Contact Number": "",
    "Type": "normal",
    "Service": "jasper",
    "Category": "Reload/Reboot/Restart",
    "Nature of Change": "business as usual (BAU)",
    "Affected Airline": "Qantas",
    "Coordinator Group": "TCS - CHANGE MANAGEMENT",
    "Change Coordinator": "Ashish Ranjan",
    "Change Owner": "",
    "Technical Review Approval": "Anand Singh",
    "Change Description": "1. DESCRIPTION: This change is to perform the rolling restart of the jasper server.\n2. TECHNICAL IMPACT/IMPACT TO SERVER: Some user might face issue with generating reports.\n3. DOES CHANGE ALTER CURRENT DR PROCESS? No Change.",
    "Change Initiated From": "Other/Problem",
    "Reason for Change/ Additional Commentary": "This change is to perform the rolling restart of the jasper_1 Servers as agreed with Marvice on weekly basis to avoid the issue of Vertical printing issue.",
    "Environment": "Production",
    "Has the change has been peer reviewed?": "Yes",
    "Please provide name and contact details of who is responsible for technically signing off the peer-review. All relevant testing documentation should be attached to this change record": "",
    "Is there an impact associated with the planned Rollback/Backout": "No Outage, No Impact",
    "Please provide justified reason ": "There is no outage as there is only jasper reports and DB Components to be deployed which do not need the restart of the application",
    "Is there an impact associated with the planned implementation": "No Outage, No Impact",
    "Please provide justified reason": "There is no outage as there is only jasper reports and DB Components to be deployed which do not need the restart of the application",
    "Did the previous attempt cause an incident?": "No",
    "The potential impact if the change is unsuccessful": "Jasper server won't be restarted and it might lead to vertical printing issue on some reports.",
    "Implementation Plan": "E & M Mainten Application Support.\n1.] We need to ensure that we are having the admin access of A320 jasper Prod.\n2.] We will be logging into AWS console and connect to the instances one by one.\n3.] And perform the jasper service restart for Jasper_1 server one at a time.",
    "Verification Plan": "TCS- E & M Mainten Application Support.\n1.]Take the ips of all the jasper_1 instances.\n2]Login into the jasper server using each IP.\n3]Generate reports and do end to end PIV for reports which is causing vertical printing issue.\n4.]Login to MX-PROD and generate reports from the application as well.",
    "Rollback Plan": "TCS - E & M Mainten Application Support.\n1.]No rollback required",
    "Rollback Duration": "0/1800",
    "Manage Approvals": "Domain Engineering, TCS - CHANGE MANAGEMENT, TCS - E & M MAINTEN APPLICATION SUPPORT"
  },
  {
    "Configuration Item": "jasper",
    "Short Description": "Qantas Cloud Platform: Production Change (A320-01 jasper (jasper)) - End of Daylight savings Apr 2025",
    "Change Owner Group": "TCS - E & M MAINTEN APPLICATION SUPPORT",
    "Requester": "",
    "Site Code": "",
    "Contact Number": "",
    "Type": "normal",
    "Service": "mainten",
    "Category": "Deploy/Commission",
    "Nature of Change": "business as usual (BAU)",
    "Affected Airline": "Qantas",
    "Coordinator Group": "TCS - CHANGE MANAGEMENT",
    "Change Coordinator": "Ashish Ranjan",
    "Change Owner": "",
    "Technical Review Approval": "Anand Singh",
    "Change Description": "This change will deploy the updates to schedule timings in compliance with changed daylight savings time (END of AEDT). We are reverting from daylight savings to standard time (AEDT to AEST). 2. TECHNICAL IMPACT/IMPACT TO SERVER: There is no impact to the server. 3.DOES CHANGE ALTER CURRENT DR PROCESS? NO CHANGE",
    "Change Initiated From": "Other",
    "Reason for Change/ Additional Commentary": "This change will deploy the updates to change schedule timings in compliance with changed daylight savings time without which the scheduled jobs, report and extracts will be generated at incorrect times.",
    "Environment": "Production",
    "Has the change has been peer reviewed?": "Yes",
    "Please provide name and contact details of who is responsible for technically signing off the peer-review. All relevant testing documentation should be attached to this change record": "",
    "Is there an impact associated with the planned Rollback/Backout": "No Outage, No Impact",
    "Please provide justified reason ": "",
    "Is there an impact associated with the planned implementation": "No Outage, No Impact",
    "Please provide justified reason": "TCS - E & M Mainten Application Support\n\n1.] Fetch ip-address from AWS console for new instances.\n2.] Check if the instances are stable.\n3.] Check if the jasper console is working correctly over http://{ip-address}:8443/jasperserver-pro/login.html\n4.] After release, check if the jasper console is working correctly at https://jasper-mx-prod.scpaws.qantas.com.au:8443/jasperserver-pro/login.html and https://jasper-master-prod-a320-01-ams20.scpaws.qantas.com.au:8443/jasperserver-pro/login.html",
    "Did the previous attempt cause an incident?": "No",
    "The potential impact if the change is unsuccessful": "This change will deploy the updates to schedule timings in compliance with changed daylight savings time without which the scheduled jobs, report and extracts will be generated at incorrect times.",
    "Implementation Plan": "TCS - E & M Mainten Application Support.\n1. Run jasper-CI and follow THE standard process over the QCP console to update build status. \n2. Run Deploy in QCP Console for jasper PROD3. \n3. Perform PIVs, fetch ip-address from AWS console for new instances. \n4. After successful PIV, run release from QCP Console for jasper-PROD5. \n5. Perform PIVs over DNS.\n6. After Successful PIV, run Teardown for the previous build from QCP Console for jasper-PROD. 7. Close the release and change with appropriate details.",
    "Verification Plan": "TCS- E & M Mainten Application Support.",
    "Rollback Plan": " TCS - E & M Mainten Application Support.\n1]Point DNS to Old build with help of re-release from QCP Console.",
    "Rollback Duration": "0",
    "Manage Approvals": "Engineering, TCS - CHANGE MANAGEMENT, TCS - E & M MAINTEN APPLICATION SUPPORT"
  },
  {
    "Configuration Item": "jasper",
    "Short Description": "Decomission of three GDP extracts from MOC data load process",
    "Change Owner Group": "TCS - E & M MAINTEN APPLICATION SUPPORT",
    "Requester": "",
    "Site Code": "",
    "Contact Number": "",
    "Type": "normal",
    "Service": "mainten",
    "Category": "Deploy/Commission",
    "Nature of Change": "business as usual (BAU)",
    "Affected Airline": "Qantas",
    "Coordinator Group": "TCS - CHANGE MANAGEMENT",
    "Change Coordinator": "Ashish Ranjan",
    "Change Owner": "",
    "Technical Review Approval": "Anand Singh",
    "Change Description": "DESCRIPTION: This change includes the deployment of shell script modifications to remove three GDP extracts , along with updates to the associated procedures in the QEDW Aurora production database. 2. TECHNICAL IMPACT/IMPACT TO SERVER: There is no impact to the server. 3.DOES CHANGE ALTER CURRENT DR PROCESS? No. 4. BUSINESS UNIT APPROVER: Mark Tawadrous, Lead Business Services, QANTAS Airways Limited, Email:mark.tawadrous@qantas.com.au",
    "Change Initiated From": "Other",
    "Reason for Change/ Additional Commentary": "This deployment will remove the three GDP extracts from the MOC data load process.",
    "Environment": "Production",
    "Has the change has been peer reviewed?": "yes",
    "Please provide name and contact details of who is responsible for technically signing off the peer-review. All relevant testing documentation should be attached to this change record": "",
    "Is there an impact associated with the planned Rollback/Backout": "No Outage, No Impact",
    "Please provide justified reason ": "",
    "Is there an impact associated with the planned implementation": "No Outage, No Impact",
    "Please provide justified reason": "",
    "Did the previous attempt cause an incident?": "no",
    "The potential impact if the change is unsuccessful": "This deployment will remove the three GDP extracts from the MOC data load process.",
    "Implementation Plan": "TCS - E & M Mainten Application Support\n1.] Run jasper-CI  and follow the standard process over the QCP console to update build status.\n2.] Run Deploy in QCP Console for jasper PROD\n3.] Perform PIVs - fetch ip-address from AWS console for new instances.\n4.] After successful PIV, run release from QCP Console for jasper-PROD\n5.] Perform PIVs over DNS.\n6.] After successful PIV, run Teardown for the Previous Build from  QCP Console for jasper-PROD.\n7.] Close the release and change with appropriate details.",
    "Verification Plan": "TCS - E & M Mainten Application Support\n\n1.] Fetch ip-address from AWS console for new instances.\n2.] Check if the instances are stable.\n3.] Check if the jasper console is working correctly over http://{ip-address}:8443/jasperserver-pro/login.html\n4.] After release, check if the jasper console is working correctly at https://jasper-mx-prod.scpaws.qantas.com.au:8443/jasperserver-pro/login.html and https://jasper-master-prod-a320-01-ams20.scpaws.qantas.com.au:8443/jasperserver-pro/login.html",
    "Rollback Plan": "TCS - E & M Mainten Application Support\n\n1.] Point DNS to Old build with help of re-release from QCP console",
    "Rollback Duration": "0",
    "Manage Approvals": "Engineering, TCS - CHANGE MANAGEMENT, TCS - E & M MAINTEN APPLICATION SUPPORT"
  },
  {
    "Configuration Item": "jasper",
    "Short Description": "To Disable the Cont_90day_task.txt data feed to SEDW  and disabling the scheduled job C_SAN_CONTINUITY from jasper console",
    "Change Owner Group": "TCS - E & M MAINTEN APPLICATION SUPPORT",
    "Requester": "",
    "Site Code": "",
    "Contact Number": "",
    "Type": "normal",
    "Service": "mainten",
    "Category": "Deploy/Commission",
    "Nature of Change": "business as usual (BAU)",
    "Affected Airline": "Qantas",
    "Coordinator Group": "TCS - CHANGE MANAGEMENT",
    "Change Coordinator": "Ashish Ranjan",
    "Change Owner": "",
    "Technical Review Approval": "Anand Singh",
    "Change Description": "1. DESCRIPTION: This change includes the deployment of shell script modifications to Disable the Cont_90day_task.txt data feed to SEDW and disabling the scheduled job C_SAN_CONTINUITY from jasper console\n\n2. TECHNICAL IMPACT/IMPACT TO SERVER: There is no impact to the server.\n\n3. DOES CHANGE ALTER CURRENT DR PROCESS? No\n\n4. BUSINESS UNIT APPROVER:\n\nMark Tawadrous\nLead Business Services\nQantas Airways Limited\nEmail: mark.tawadrous@qantas.com.au",
    "Change Initiated From": "OTHER",
    "Reason for Change/ Additional Commentary": "This deployment will Disable the Cont_90day_task.txt data feed to SEDW and the scheduled job C_SAN_CONTINUITY from jasper console.",
    "Environment": "Production",
    "Has the change has been peer reviewed?": "YES",
    "Please provide name and contact details of who is responsible for technically signing off the peer-review. All relevant testing documentation should be attached to this change record": "",
    "Is there an impact associated with the planned Rollback/Backout": "No Outage, No Impact",
    "Please provide justified reason ": "",
    "Is there an impact associated with the planned implementation": "No Outage, No Impact",
    "Please provide justified reason": "",
    "Did the previous attempt cause an incident?": "NO",
    "The potential impact if the change is unsuccessful": "This deployment will disable the Cont_90day_task.txt data feed to SEDW",
    "Implementation Plan": "TCS - E & M Mainten Application Support\n\nTo disable :\n1.]Connect to jasper console production.\n2.]Disable the scheduled batch extract job manually.\n3.]perform the PIV - verify the job whether its disabled.\n\nShell script Changes:\n1.] Run jasper-CI  and follow the standard process over the QCP console to update build status.\n2.] Run Deploy in QCP Console for jasper PROD\n3.] Perform PIVs - fetch ip-address from AWS console for new instances.\n4.] After successful PIV, run release from QCP Console for jasper-PROD\n5.] Perform PIVs over DNS.\n6.] After successful PIV, run Teardown for the Previous Build from  QCP Console for jasper-PROD.\n7.] Close the release and change with appropriate details.",
    "Verification Plan": "TCS - E & M Mainten Application Support\n\n1.] Fetch ip-address from AWS console for new instances.\n2.] Check if the instances are stable.\n3.] Check if the jasper console is working correctly over http://{ip-address}:8443/jasperserver-pro/login.html\n4.] After release, check if the jasper console is working correctly at https://jasper-mx-prod.qcpaws.qantas.com.au:8443/jasperserver-pro/login.html and https://jasper-master-prod-a320-01-ams20.qcpaws.qantas.com.au:8443/jasperserver-pro/login.html",
    "Rollback Plan": "TCS - E & M Mainten Application Support\n\n1.] Point DNS to Old build with help of re-release from QCP console",
    "Rollback Duration": "0",
    "Manage Approvals": "Engineering, TCS - CHANGE MANAGEMENT, TCS - E & M MAINTEN APPLICATION SUPPORT"
  },
  {
    "Configuration Item": "mainten",
    "Short Description": "",
    "Change Owner Group": "TCS - E & M MAINTEN APPLICATION SUPPORT",
    "Requester": "",
    "Site Code": "BOMHQB",
    "Contact Number": "",
    "Type": "normal",
    "Service": "mainten",
    "Category": "Deploy/Commission",
    "Nature of Change": "business as usual (BAU)",
    "Affected Airline": "Qantas",
    "Coordinator Group": "TCS - CHANGE MANAGEMENT",
    "Change Coordinator": "Ashish Ranjan",
    "Change Owner": "",
    "Technical Review Approval": "Anand Singh",
    "Change Description": "1. DESCRIPTION: This change is to deploy patch (MX8.3S165---variable) in Prod environment.\n\n2. TECHNICAL IMPACT/IMPACT TO SERVER: There is no impact to the server.\n\n3. DOES CHANGE ALTER CURRENT DR PROCESS? No\n\n4. BUSINESS UNIT APPROVER:\n\nMark Tawadrous\nLead Business Services\nqantas Airways Limited\nEmail: mark.tawadrous@qantas.com.au",
    "Change Initiated From": "other/incident",
    "Reason for Change/ Additional Commentary": "",
    "Environment": "production/staging",
    "Has the change has been peer reviewed?": "yes/not applicable",
    "Please provide name and contact details of who is responsible for technically signing off the peer-review. All relevant testing documentation should be attached to this change record": "",
    "Is there an impact associated with the planned Rollback/Backout": "No Outage, No Impact/No Outage,Associated Impacted/Outage Required,Associated Impact",
    "Please provide justified reason ": "",
    "Is there an impact associated with the planned implementation": "No Outage, No Impact/No Outage,Associated Impacted/Outage Required,Associated Impact",
    "Please provide justified reason": "",
    "Did the previous attempt cause an incident?": "no/notapplicable",
    "The potential impact if the change is unsuccessful": "",
    "Implementation Plan": "",
    "Verification Plan": "",
    "Rollback Plan": "",
    "Rollback Duration": "0/3600",
    "Manage Approvals": "Engineering, TCS - CHANGE MANAGEMENT, TCS - E & M MAINTEN APPLICATION SUPPORT"
  },
  {
    "Configuration Item": "Maintenix dashboards",
    "Short Description": "Qantas Cloud Platform: Production Change (A1238-01 MaintenDashboards (MaintenDashboards)) - SOE update - (Month Variable) 2025.",
    "Change Owner Group": "TCS - E & M MAINTEN APPLICATION SUPPORT",
    "Requester": "",
    "Site Code": "BOMHQB/Blank",
    "Contact Number": "",
    "Type": "normal",
    "Service": "mainten/Engineering Dasboard",
    "Category": "Deploy/Commission",
    "Nature of Change": "business as usual (BAU)",
    "Affected Airline": "Qantas",
    "Coordinator Group": "TCS - CHANGE MANAGEMENT",
    "Change Coordinator": "Ashish Ranjan",
    "Change Owner": "",
    "Technical Review Approval": "Anand Singh",
    "Change Description": "(variable/with some similarity)",
    "Change Initiated From": "other",
    "Reason for Change/ Additional Commentary": "This change is to perform SOE Refresh in MaintenixDashboards for(Month Variable)2025.",
    "Environment": "production",
    "Has the change has been peer reviewed?": "yes",
    "Please provide name and contact details of who is responsible for technically signing off the peer-review. All relevant testing documentation should be attached to this change record": "",
    "Is there an impact associated with the planned Rollback/Backout": "No Outage, No Impact",
    "Please provide justified reason ": "",
    "Is there an impact associated with the planned implementation": "No Outage, No Impact",
    "Please provide justified reason": "",
    "Did the previous attempt cause an incident?": "no",
    "The potential impact if the change is unsuccessful": "",
    "Implementation Plan": "",
    "Verification Plan": "For every PIV mentioned above, these steps are to be followed:\n\n1.] Check webpage at https://{Deploy DNS of load balancer}.scpaws.qantas.com.au:3001 after Deploy is completed.",
    "Rollback Plan": "",
    "Rollback Duration": "0",
    "Manage Approvals": "Engineering, TCS - CHANGE MANAGEMENT, TCS - E & M MAINTEN APPLICATION SUPPORT"
  },
  {
    "Configuration Item": "mxusermaintenance",
    "Short Description": "",
    "Change Owner Group": "TCS - E & M Mainten Application Support",
    "Requester": "",
    "Site Code": "BOMHQB",
    "Contact Number": "",
    "Type": "normal",
    "Service": "maintenix",
    "Category": "Deploy/Commission",
    "Nature of Change": "business as usual (BAU)",
    "Affected Airline": "Qantas",
    "Coordinator Group": "TCS - CHANGE MANAGEMENT",
    "Change Coordinator": "nagalakshmi",
    "Change Owner": "",
    "Technical Review Approval": "",
    "Change Description": "",
    "Change Initiated From": "other/incident",
    "Reason for Change/ Additional Commentary": "",
    "Environment": "Production",
    "Has the change has been peer reviewed?": "yes",
    "Please provide name and contact details of who is responsible for technically signing off the peer-review. All relevant testing documentation should be attached to this change record": "",
    "Is there an impact associated with the planned Rollback/Backout": "No Outage, No Impact",
    "Please provide justified reason ": "",
    "Is there an impact associated with the planned implementation": "No Outage, No Impact",
    "Please provide justified reason": "",
    "Did the previous attempt cause an incident?": "no",
    "The potential impact if the change is unsuccessful": "",
    "Implementation Plan": "TCS - E & M Mainten Application Support\n\n1.] Run mxusermaintenance-CI and follow the standard process over the SCP console to update build status.\n2.] Run Deploy in SCP Console\n3.] Release the build from SCP Console",
    "Verification Plan": "TCS - E & M Mainten Application Support\n\n1.] Perform PIVs - An automatic mail will be generated based on the scheduled time defined in lambda",
    "Rollback Plan": "",
    "Rollback Duration": "0",
    "Manage Approvals": "Engineering, TCS - CHANGE MANAGEMENT, TCS - E & M Mainten Application Support"
  }
]
